table_catalog,table_schema,table_name,column_name,ordinal_position,column_default,is_nullable,full_data_type,data_type,character_maximum_length,character_octet_length,numeric_precision,numeric_precision_radix,numeric_scale,datetime_precision,interval_type,interval_precision,maximum_cardinality,is_identity,identity_generation,identity_start,identity_increment,identity_maximum,identity_minimum,identity_cycle,is_generated,generation_expression,is_system_time_period_start,is_system_time_period_end,system_time_period_timestamp_generation,is_updatable,partition_index,comment
samples,accuweather,historical_hourly_imperial,city_name,0,null,YES,string,STRING,0,0,null,null,null,null,null,null,null,NO,null,null,null,null,null,null,NO,null,NO,NO,null,YES,null,null
samples,accuweather,historical_hourly_imperial,country_code,1,null,YES,string,STRING,0,0,null,null,null,null,null,null,null,NO,null,null,null,null,null,null,NO,null,NO,NO,null,YES,null,null
samples,accuweather,historical_hourly_imperial,latitude,2,null,YES,double,DOUBLE,null,null,null,2,null,null,null,null,null,NO,null,null,null,null,null,null,NO,null,NO,NO,null,YES,null,null
samples,accuweather,historical_hourly_imperial,longitude,3,null,YES,double,DOUBLE,null,null,null,2,null,null,null,null,null,NO,null,null,null,null,null,null,NO,null,NO,NO,null,YES,null,null
samples,accuweather,historical_hourly_imperial,date,4,null,YES,timestamp,TIMESTAMP,null,null,null,null,null,3,null,null,null,NO,null,null,null,null,null,null,NO,null,NO,NO,null,YES,null,null
samples,accuweather,historical_hourly_imperial,cloud_base_height,5,null,YES,int,INT,null,null,null,null,null,null,null,null,null,NO,null,null,null,null,null,null,NO,null,NO,NO,null,YES,null,null
samples,accuweather,historical_hourly_imperial,cloud_cover_high,6,null,YES,string,STRING,0,0,null,null,null,null,null,null,null,NO,null,null,null,null,null,null,NO,null,NO,NO,null,YES,null,null
samples,accuweather,historical_hourly_imperial,cloud_cover_low,7,null,YES,string,STRING,0,0,null,null,null,null,null,null,null,NO,null,null,null,null,null,null,NO,null,NO,NO,null,YES,null,null
samples,accuweather,historical_hourly_imperial,cloud_cover_medium,8,null,YES,string,STRING,0,0,null,null,null,null,null,null,null,NO,null,null,null,null,null,null,NO,null,NO,NO,null,YES,null,null
samples,accuweather,historical_hourly_imperial,cloud_cover_total,9,null,YES,double,DOUBLE,null,null,null,2,null,null,null,null,null,NO,null,null,null,null,null,null,NO,null,NO,NO,null,YES,null,null
samples,accuweather,historical_hourly_imperial,humidity_relative,10,null,YES,double,DOUBLE,null,null,null,2,null,null,null,null,null,NO,null,null,null,null,null,null,NO,null,NO,NO,null,YES,null,null
samples,accuweather,historical_hourly_imperial,index_uv,11,null,YES,double,DOUBLE,null,null,null,2,null,null,null,null,null,NO,null,null,null,null,null,null,NO,null,NO,NO,null,YES,null,null
samples,accuweather,historical_hourly_imperial,has_ice,12,null,YES,string,STRING,0,0,null,null,null,null,null,null,null,NO,null,null,null,null,null,null,NO,null,NO,NO,null,YES,null,null
samples,accuweather,historical_hourly_imperial,ice_lwe,13,null,YES,string,STRING,0,0,null,null,null,null,null,null,null,NO,null,null,null,null,null,null,NO,null,NO,NO,null,YES,null,null
samples,accuweather,historical_hourly_imperial,ice_lwe_rate,14,null,YES,string,STRING,0,0,null,null,null,null,null,null,null,NO,null,null,null,null,null,null,NO,null,NO,NO,null,YES,null,null
samples,accuweather,historical_hourly_imperial,minutes_of_ice,15,null,YES,string,STRING,0,0,null,null,null,null,null,null,null,NO,null,null,null,null,null,null,NO,null,NO,NO,null,YES,null,null
samples,accuweather,historical_hourly_imperial,minutes_of_precipitation,16,null,YES,int,INT,null,null,null,null,null,null,null,null,null,NO,null,null,null,null,null,null,NO,null,NO,NO,null,YES,null,null
samples,accuweather,historical_hourly_imperial,minutes_of_sun,17,null,YES,int,INT,null,null,null,null,null,null,null,null,null,NO,null,null,null,null,null,null,NO,null,NO,NO,null,YES,null,null
samples,accuweather,historical_hourly_imperial,minutes_of_rain,18,null,YES,string,STRING,0,0,null,null,null,null,null,null,null,NO,null,null,null,null,null,null,NO,null,NO,NO,null,YES,null,null
samples,accuweather,historical_hourly_imperial,minutes_of_snow,19,null,YES,int,INT,null,null,null,null,null,null,null,null,null,NO,null,null,null,null,null,null,NO,null,NO,NO,null,YES,null,null
samples,accuweather,historical_hourly_imperial,has_precipitation,20,null,YES,boolean,BOOLEAN,null,null,null,null,null,null,null,null,null,NO,null,null,null,null,null,null,NO,null,NO,NO,null,YES,null,null
samples,accuweather,historical_hourly_imperial,precipitation_lwe,21,null,YES,double,DOUBLE,null,null,null,2,null,null,null,null,null,NO,null,null,null,null,null,null,NO,null,NO,NO,null,YES,null,null
samples,accuweather,historical_hourly_imperial,precipitation_lwe_rate,22,null,YES,double,DOUBLE,null,null,null,2,null,null,null,null,null,NO,null,null,null,null,null,null,NO,null,NO,NO,null,YES,null,null
samples,accuweather,historical_hourly_imperial,precipitation_type,23,null,YES,int,INT,null,null,null,null,null,null,null,null,null,NO,null,null,null,null,null,null,NO,null,NO,NO,null,YES,null,null
samples,accuweather,historical_hourly_imperial,precipitation_type_desc,24,null,YES,string,STRING,0,0,null,null,null,null,null,null,null,NO,null,null,null,null,null,null,NO,null,NO,NO,null,YES,null,null
samples,accuweather,historical_hourly_imperial,pressure,25,null,YES,double,DOUBLE,null,null,null,2,null,null,null,null,null,NO,null,null,null,null,null,null,NO,null,NO,NO,null,YES,null,null
samples,accuweather,historical_hourly_imperial,pressure_msl,26,null,YES,double,DOUBLE,null,null,null,2,null,null,null,null,null,NO,null,null,null,null,null,null,NO,null,NO,NO,null,YES,null,null
samples,accuweather,historical_hourly_imperial,has_rain,27,null,YES,string,STRING,0,0,null,null,null,null,null,null,null,NO,null,null,null,null,null,null,NO,null,NO,NO,null,YES,null,null
samples,accuweather,historical_hourly_imperial,rain_lwe,28,null,YES,string,STRING,0,0,null,null,null,null,null,null,null,NO,null,null,null,null,null,null,NO,null,NO,NO,null,YES,null,null
samples,accuweather,historical_hourly_imperial,rain_lwe_rate,29,null,YES,string,STRING,0,0,null,null,null,null,null,null,null,NO,null,null,null,null,null,null,NO,null,NO,NO,null,YES,null,null
samples,accuweather,historical_hourly_imperial,snow_cover,30,null,YES,string,STRING,0,0,null,null,null,null,null,null,null,NO,null,null,null,null,null,null,NO,null,NO,NO,null,YES,null,null
samples,accuweather,historical_hourly_imperial,snow_depth,31,null,YES,string,STRING,0,0,null,null,null,null,null,null,null,NO,null,null,null,null,null,null,NO,null,NO,NO,null,YES,null,null
samples,accuweather,historical_hourly_imperial,has_snow,32,null,YES,boolean,BOOLEAN,null,null,null,null,null,null,null,null,null,NO,null,null,null,null,null,null,NO,null,NO,NO,null,YES,null,null
samples,accuweather,historical_hourly_imperial,snow,33,null,YES,string,STRING,0,0,null,null,null,null,null,null,null,NO,null,null,null,null,null,null,NO,null,NO,NO,null,YES,null,null
samples,accuweather,historical_hourly_imperial,snow_lwe,34,null,YES,double,DOUBLE,null,null,null,2,null,null,null,null,null,NO,null,null,null,null,null,null,NO,null,NO,NO,null,YES,null,null
samples,accuweather,historical_hourly_imperial,snow_lwe_rate,35,null,YES,double,DOUBLE,null,null,null,2,null,null,null,null,null,NO,null,null,null,null,null,null,NO,null,NO,NO,null,YES,null,null
samples,accuweather,historical_hourly_imperial,solar_irradiance,36,null,YES,double,DOUBLE,null,null,null,2,null,null,null,null,null,NO,null,null,null,null,null,null,NO,null,NO,NO,null,YES,null,null
samples,accuweather,historical_hourly_imperial,solar_radiation_net,37,null,YES,double,DOUBLE,null,null,null,2,null,null,null,null,null,NO,null,null,null,null,null,null,NO,null,NO,NO,null,YES,null,null
samples,accuweather,historical_hourly_imperial,temperature,38,null,YES,double,DOUBLE,null,null,null,2,null,null,null,null,null,NO,null,null,null,null,null,null,NO,null,NO,NO,null,YES,null,null
samples,accuweather,historical_hourly_imperial,temperature_dew_point,39,null,YES,double,DOUBLE,null,null,null,2,null,null,null,null,null,NO,null,null,null,null,null,null,NO,null,NO,NO,null,YES,null,null
samples,accuweather,historical_hourly_imperial,temperature_heat_index,40,null,YES,double,DOUBLE,null,null,null,2,null,null,null,null,null,NO,null,null,null,null,null,null,NO,null,NO,NO,null,YES,null,null
samples,accuweather,historical_hourly_imperial,temperature_realfeel,41,null,YES,double,DOUBLE,null,null,null,2,null,null,null,null,null,NO,null,null,null,null,null,null,NO,null,NO,NO,null,YES,null,null
samples,accuweather,historical_hourly_imperial,temperature_realfeel_shade,42,null,YES,double,DOUBLE,null,null,null,2,null,null,null,null,null,NO,null,null,null,null,null,null,NO,null,NO,NO,null,YES,null,null
samples,accuweather,historical_hourly_imperial,temperature_wind_chill,43,null,YES,double,DOUBLE,null,null,null,2,null,null,null,null,null,NO,null,null,null,null,null,null,NO,null,NO,NO,null,YES,null,null
samples,accuweather,historical_hourly_imperial,visibility,44,null,YES,double,DOUBLE,null,null,null,2,null,null,null,null,null,NO,null,null,null,null,null,null,NO,null,NO,NO,null,YES,null,null
samples,accuweather,historical_hourly_imperial,wind_direction,45,null,YES,double,DOUBLE,null,null,null,2,null,null,null,null,null,NO,null,null,null,null,null,null,NO,null,NO,NO,null,YES,null,null
samples,accuweather,historical_hourly_imperial,wind_gust,46,null,YES,double,DOUBLE,null,null,null,2,null,null,null,null,null,NO,null,null,null,null,null,null,NO,null,NO,NO,null,YES,null,null
samples,accuweather,historical_hourly_imperial,wind_gust_instantaneous,47,null,YES,string,STRING,0,0,null,null,null,null,null,null,null,NO,null,null,null,null,null,null,NO,null,NO,NO,null,YES,null,null
samples,accuweather,historical_hourly_imperial,wind_speed,48,null,YES,double,DOUBLE,null,null,null,2,null,null,null,null,null,NO,null,null,null,null,null,null,NO,null,NO,NO,null,YES,null,null
samples,bakehouse,media_customer_reviews,review,0,null,YES,string,STRING,0,0,null,null,null,null,null,null,null,NO,null,null,null,null,null,null,NO,null,NO,NO,null,YES,null,null
samples,bakehouse,media_customer_reviews,franchiseID,1,null,YES,bigint,LONG,null,null,null,null,null,null,null,null,null,NO,null,null,null,null,null,null,NO,null,NO,NO,null,YES,null,null
samples,bakehouse,media_customer_reviews,review_date,2,null,YES,timestamp,TIMESTAMP,null,null,null,null,null,3,null,null,null,NO,null,null,null,null,null,null,NO,null,NO,NO,null,YES,null,null
samples,bakehouse,media_customer_reviews,new_id,3,null,YES,int,INT,null,null,null,null,null,null,null,null,null,NO,null,null,null,null,null,null,NO,null,NO,NO,null,YES,null,null
samples,bakehouse,media_gold_reviews_chunked,franchiseID,0,null,YES,int,INT,null,null,null,null,null,null,null,null,null,NO,null,null,null,null,null,null,NO,null,NO,NO,null,YES,null,null
samples,bakehouse,media_gold_reviews_chunked,review_date,1,null,YES,timestamp,TIMESTAMP,null,null,null,null,null,3,null,null,null,NO,null,null,null,null,null,null,NO,null,NO,NO,null,YES,null,null
samples,bakehouse,media_gold_reviews_chunked,chunked_text,2,null,YES,string,STRING,0,0,null,null,null,null,null,null,null,NO,null,null,null,null,null,null,NO,null,NO,NO,null,YES,null,null
samples,bakehouse,media_gold_reviews_chunked,chunk_id,3,null,YES,string,STRING,0,0,null,null,null,null,null,null,null,NO,null,null,null,null,null,null,NO,null,NO,NO,null,YES,null,null
samples,bakehouse,media_gold_reviews_chunked,review_uri,4,null,YES,string,STRING,0,0,null,null,null,null,null,null,null,NO,null,null,null,null,null,null,NO,null,NO,NO,null,YES,null,null
samples,bakehouse,sales_customers,customerID,0,null,YES,bigint,LONG,null,null,null,null,null,null,null,null,null,NO,null,null,null,null,null,null,NO,null,NO,NO,null,YES,null,null
samples,bakehouse,sales_customers,first_name,1,null,YES,string,STRING,0,0,null,null,null,null,null,null,null,NO,null,null,null,null,null,null,NO,null,NO,NO,null,YES,null,null
samples,bakehouse,sales_customers,last_name,2,null,YES,string,STRING,0,0,null,null,null,null,null,null,null,NO,null,null,null,null,null,null,NO,null,NO,NO,null,YES,null,null
samples,bakehouse,sales_customers,email_address,3,null,YES,string,STRING,0,0,null,null,null,null,null,null,null,NO,null,null,null,null,null,null,NO,null,NO,NO,null,YES,null,null
samples,bakehouse,sales_customers,phone_number,4,null,YES,string,STRING,0,0,null,null,null,null,null,null,null,NO,null,null,null,null,null,null,NO,null,NO,NO,null,YES,null,null
samples,bakehouse,sales_customers,address,5,null,YES,string,STRING,0,0,null,null,null,null,null,null,null,NO,null,null,null,null,null,null,NO,null,NO,NO,null,YES,null,null
samples,bakehouse,sales_customers,city,6,null,YES,string,STRING,0,0,null,null,null,null,null,null,null,NO,null,null,null,null,null,null,NO,null,NO,NO,null,YES,null,null
samples,bakehouse,sales_customers,state,7,null,YES,string,STRING,0,0,null,null,null,null,null,null,null,NO,null,null,null,null,null,null,NO,null,NO,NO,null,YES,null,null
samples,bakehouse,sales_customers,country,8,null,YES,string,STRING,0,0,null,null,null,null,null,null,null,NO,null,null,null,null,null,null,NO,null,NO,NO,null,YES,null,null
samples,bakehouse,sales_customers,continent,9,null,YES,string,STRING,0,0,null,null,null,null,null,null,null,NO,null,null,null,null,null,null,NO,null,NO,NO,null,YES,null,null
samples,bakehouse,sales_customers,postal_zip_code,10,null,YES,bigint,LONG,null,null,null,null,null,null,null,null,null,NO,null,null,null,null,null,null,NO,null,NO,NO,null,YES,null,null
samples,bakehouse,sales_customers,gender,11,null,YES,string,STRING,0,0,null,null,null,null,null,null,null,NO,null,null,null,null,null,null,NO,null,NO,NO,null,YES,null,null
samples,bakehouse,sales_franchises,franchiseID,0,null,YES,bigint,LONG,null,null,null,null,null,null,null,null,null,NO,null,null,null,null,null,null,NO,null,NO,NO,null,YES,null,null
samples,bakehouse,sales_franchises,name,1,null,YES,string,STRING,0,0,null,null,null,null,null,null,null,NO,null,null,null,null,null,null,NO,null,NO,NO,null,YES,null,null
samples,bakehouse,sales_franchises,city,2,null,YES,string,STRING,0,0,null,null,null,null,null,null,null,NO,null,null,null,null,null,null,NO,null,NO,NO,null,YES,null,null
samples,bakehouse,sales_franchises,district,3,null,YES,string,STRING,0,0,null,null,null,null,null,null,null,NO,null,null,null,null,null,null,NO,null,NO,NO,null,YES,null,null
samples,bakehouse,sales_franchises,zipcode,4,null,YES,string,STRING,0,0,null,null,null,null,null,null,null,NO,null,null,null,null,null,null,NO,null,NO,NO,null,YES,null,null
samples,bakehouse,sales_franchises,country,5,null,YES,string,STRING,0,0,null,null,null,null,null,null,null,NO,null,null,null,null,null,null,NO,null,NO,NO,null,YES,null,null
samples,bakehouse,sales_franchises,size,6,null,YES,string,STRING,0,0,null,null,null,null,null,null,null,NO,null,null,null,null,null,null,NO,null,NO,NO,null,YES,null,null
samples,bakehouse,sales_franchises,longitude,7,null,YES,double,DOUBLE,null,null,null,2,null,null,null,null,null,NO,null,null,null,null,null,null,NO,null,NO,NO,null,YES,null,null
samples,bakehouse,sales_franchises,latitude,8,null,YES,double,DOUBLE,null,null,null,2,null,null,null,null,null,NO,null,null,null,null,null,null,NO,null,NO,NO,null,YES,null,null
samples,bakehouse,sales_franchises,supplierID,9,null,YES,bigint,LONG,null,null,null,null,null,null,null,null,null,NO,null,null,null,null,null,null,NO,null,NO,NO,null,YES,null,null
samples,bakehouse,sales_suppliers,supplierID,0,null,YES,bigint,LONG,null,null,null,null,null,null,null,null,null,NO,null,null,null,null,null,null,NO,null,NO,NO,null,YES,null,null
samples,bakehouse,sales_suppliers,name,1,null,YES,string,STRING,0,0,null,null,null,null,null,null,null,NO,null,null,null,null,null,null,NO,null,NO,NO,null,YES,null,null
samples,bakehouse,sales_suppliers,ingredient,2,null,YES,string,STRING,0,0,null,null,null,null,null,null,null,NO,null,null,null,null,null,null,NO,null,NO,NO,null,YES,null,null
samples,bakehouse,sales_suppliers,continent,3,null,YES,string,STRING,0,0,null,null,null,null,null,null,null,NO,null,null,null,null,null,null,NO,null,NO,NO,null,YES,null,null
samples,bakehouse,sales_suppliers,city,4,null,YES,string,STRING,0,0,null,null,null,null,null,null,null,NO,null,null,null,null,null,null,NO,null,NO,NO,null,YES,null,null
samples,bakehouse,sales_suppliers,district,5,null,YES,string,STRING,0,0,null,null,null,null,null,null,null,NO,null,null,null,null,null,null,NO,null,NO,NO,null,YES,null,null
samples,bakehouse,sales_suppliers,size,6,null,YES,string,STRING,0,0,null,null,null,null,null,null,null,NO,null,null,null,null,null,null,NO,null,NO,NO,null,YES,null,null
samples,bakehouse,sales_suppliers,longitude,7,null,YES,double,DOUBLE,null,null,null,2,null,null,null,null,null,NO,null,null,null,null,null,null,NO,null,NO,NO,null,YES,null,null
samples,bakehouse,sales_suppliers,latitude,8,null,YES,double,DOUBLE,null,null,null,2,null,null,null,null,null,NO,null,null,null,null,null,null,NO,null,NO,NO,null,YES,null,null
samples,bakehouse,sales_suppliers,approved,9,null,YES,string,STRING,0,0,null,null,null,null,null,null,null,NO,null,null,null,null,null,null,NO,null,NO,NO,null,YES,null,null
samples,bakehouse,sales_transactions,transactionID,0,null,YES,bigint,LONG,null,null,null,null,null,null,null,null,null,NO,null,null,null,null,null,null,NO,null,NO,NO,null,YES,null,null
samples,bakehouse,sales_transactions,customerID,1,null,YES,bigint,LONG,null,null,null,null,null,null,null,null,null,NO,null,null,null,null,null,null,NO,null,NO,NO,null,YES,null,null
samples,bakehouse,sales_transactions,franchiseID,2,null,YES,bigint,LONG,null,null,null,null,null,null,null,null,null,NO,null,null,null,null,null,null,NO,null,NO,NO,null,YES,null,null
samples,bakehouse,sales_transactions,dateTime,3,null,YES,timestamp,TIMESTAMP,null,null,null,null,null,3,null,null,null,NO,null,null,null,null,null,null,NO,null,NO,NO,null,YES,null,null
samples,bakehouse,sales_transactions,product,4,null,YES,string,STRING,0,0,null,null,null,null,null,null,null,NO,null,null,null,null,null,null,NO,null,NO,NO,null,YES,null,null
samples,bakehouse,sales_transactions,quantity,5,null,YES,bigint,LONG,null,null,null,null,null,null,null,null,null,NO,null,null,null,null,null,null,NO,null,NO,NO,null,YES,null,null
samples,bakehouse,sales_transactions,unitPrice,6,null,YES,bigint,LONG,null,null,null,null,null,null,null,null,null,NO,null,null,null,null,null,null,NO,null,NO,NO,null,YES,null,null
samples,bakehouse,sales_transactions,totalPrice,7,null,YES,bigint,LONG,null,null,null,null,null,null,null,null,null,NO,null,null,null,null,null,null,NO,null,NO,NO,null,YES,null,null
samples,bakehouse,sales_transactions,paymentMethod,8,null,YES,string,STRING,0,0,null,null,null,null,null,null,null,NO,null,null,null,null,null,null,NO,null,NO,NO,null,YES,null,null
samples,bakehouse,sales_transactions,cardNumber,9,null,YES,bigint,LONG,null,null,null,null,null,null,null,null,null,NO,null,null,null,null,null,null,NO,null,NO,NO,null,YES,null,null
samples,information_schema,abac_policy_definitions,policy_id,0,null,NO,string,STRING,0,0,null,null,null,null,null,null,null,NO,null,null,null,null,null,null,NO,null,NO,NO,null,YES,null,Unique identifier of the policy.
samples,information_schema,abac_policy_definitions,policy_name,1,null,NO,string,STRING,0,0,null,null,null,null,null,null,null,NO,null,null,null,null,null,null,NO,null,NO,NO,null,YES,null,Name of the policy.
samples,information_schema,abac_policy_definitions,policy_type,2,null,NO,string,STRING,0,0,null,null,null,null,null,null,null,NO,null,null,null,null,null,null,NO,null,NO,NO,null,YES,null,"The policy type. For example, ROW_FILTER, COLUMN_MASK, GRANT, or DENY."
samples,information_schema,abac_policy_definitions,catalog_name,3,null,YES,string,STRING,0,0,null,null,null,null,null,null,null,NO,null,null,null,null,null,null,NO,null,NO,NO,null,YES,null,Name of the catalog the policy is attached to (or that contains the schema/table the policy is attached to).
samples,information_schema,abac_policy_definitions,schema_name,4,null,YES,string,STRING,0,0,null,null,null,null,null,null,null,NO,null,null,null,null,null,null,NO,null,NO,NO,null,YES,null,Name of the schema the policy is attached to (or that contains the table the policy is attached to). NULL for CATALOG-attached policies.
samples,information_schema,abac_policy_definitions,securable_name,5,null,YES,string,STRING,0,0,null,null,null,null,null,null,null,NO,null,null,null,null,null,null,NO,null,NO,NO,null,YES,null,Name of the securable the policy is attached to. NULL for CATALOG-attached and SCHEMA-attached policies.
samples,information_schema,abac_policy_definitions,on_securable_type,6,null,NO,string,STRING,0,0,null,null,null,null,null,null,null,NO,null,null,null,null,null,null,NO,null,NO,NO,null,YES,null,"Type of the securable the policy is attached to. For example, CATALOG, SCHEMA, or TABLE."
samples,information_schema,abac_policy_definitions,to_principals,7,null,NO,array<string>,ARRAY,null,null,null,null,null,null,null,null,null,NO,null,null,null,null,null,null,NO,null,NO,NO,null,YES,null,"List of principals (users, groups, service principals) the policy applies to."
samples,information_schema,abac_policy_definitions,except_principals,8,null,NO,array<string>,ARRAY,null,null,null,null,null,null,null,null,null,NO,null,null,null,null,null,null,NO,null,NO,NO,null,YES,null,List of principals excluded from the policy.
samples,information_schema,abac_policy_definitions,for_securable_type,9,null,NO,string,STRING,0,0,null,null,null,null,null,null,null,NO,null,null,null,null,null,null,NO,null,NO,NO,null,YES,null,Type of securable the policy targets when evaluated.
samples,information_schema,abac_policy_definitions,privileges,10,null,YES,array<string>,ARRAY,null,null,null,null,null,null,null,null,null,NO,null,null,null,null,null,null,NO,null,NO,NO,null,YES,null,Privileges granted or denied by the policy. NULL for ROW_FILTER and COLUMN_MASK policies.
samples,information_schema,abac_policy_definitions,when_condition,11,null,YES,string,STRING,0,0,null,null,null,null,null,null,null,NO,null,null,null,null,null,null,NO,null,NO,NO,null,YES,null,Conditional expression under which the policy applies. NULL when no WHEN clause is set.
samples,information_schema,abac_policy_definitions,match_columns,12,null,YES,array<string>,ARRAY,null,null,null,null,null,null,null,null,null,NO,null,null,null,null,null,null,NO,null,NO,NO,null,YES,null,Columns referenced by the policy. NULL for GRANT and DENY policies.
samples,information_schema,abac_policy_definitions,created_by,13,null,NO,string,STRING,0,0,null,null,null,null,null,null,null,NO,null,null,null,null,null,null,NO,null,NO,NO,null,YES,null,Principal who created the policy.
samples,information_schema,catalog_privileges,grantor,0,null,NO,string,STRING,0,0,null,null,null,null,null,null,null,NO,null,null,null,null,null,null,NO,null,NO,NO,null,YES,null,Principal that granted the privilege.
samples,information_schema,catalog_privileges,grantee,1,null,NO,string,STRING,0,0,null,null,null,null,null,null,null,NO,null,null,null,null,null,null,NO,null,NO,NO,null,YES,null,Principal to which the privilege is granted.
samples,information_schema,catalog_privileges,catalog_name,2,null,NO,string,STRING,0,0,null,null,null,null,null,null,null,NO,null,null,null,null,null,null,NO,null,NO,NO,null,YES,null,Catalog on which the privilege is granted.
samples,information_schema,catalog_privileges,privilege_type,3,null,NO,string,STRING,0,0,null,null,null,null,null,null,null,NO,null,null,null,null,null,null,NO,null,NO,NO,null,YES,null,Privilege being granted.
samples,information_schema,catalog_privileges,is_grantable,4,null,NO,string,STRING,0,0,null,null,null,null,null,null,null,NO,null,null,null,null,null,null,NO,null,NO,NO,null,YES,null,Always NO. Reserved for future use.
samples,information_schema,catalog_privileges,inherited_from,5,null,NO,string,STRING,0,0,null,null,null,null,null,null,null,NO,null,null,null,null,null,null,NO,null,NO,NO,null,YES,null,The ancestor relation that the privilege is inherited from.
samples,information_schema,catalog_properties,catalog_name,0,null,NO,string,STRING,0,0,null,null,null,null,null,null,null,NO,null,null,null,null,null,null,NO,null,NO,NO,null,YES,null,Name of the catalog.
samples,information_schema,catalog_properties,collation_catalog,1,null,NO,string,STRING,0,0,null,null,null,null,null,null,null,NO,null,null,null,null,null,null,NO,null,NO,NO,null,YES,null,Always SYSTEM. Reserved for future use.
samples,information_schema,catalog_properties,collation_schema,2,null,NO,string,STRING,0,0,null,null,null,null,null,null,null,NO,null,null,null,null,null,null,NO,null,NO,NO,null,YES,null,Always BUILTIN. Reserved for future use.
samples,information_schema,catalog_properties,collation_name,3,null,NO,string,STRING,0,0,null,null,null,null,null,null,null,NO,null,null,null,null,null,null,NO,null,NO,NO,null,YES,null,The name of the collation used by default for new schemas.
samples,information_schema,catalog_tags,catalog_name,0,null,NO,string,STRING,0,0,null,null,null,null,null,null,null,NO,null,null,null,null,null,null,NO,null,NO,NO,null,YES,null,null
samples,information_schema,catalog_tags,tag_name,1,null,NO,string,STRING,0,0,null,null,null,null,null,null,null,NO,null,null,null,null,null,null,NO,null,NO,NO,null,YES,null,null
samples,information_schema,catalog_tags,tag_value,2,null,NO,string,STRING,0,0,null,null,null,null,null,null,null,NO,null,null,null,null,null,null,NO,null,NO,NO,null,YES,null,null
samples,information_schema,catalogs,catalog_name,0,null,NO,string,STRING,0,0,null,null,null,null,null,null,null,NO,null,null,null,null,null,null,NO,null,NO,NO,null,YES,null,Name of the catalog.
samples,information_schema,catalogs,catalog_owner,1,null,NO,string,STRING,0,0,null,null,null,null,null,null,null,NO,null,null,null,null,null,null,NO,null,NO,NO,null,YES,null,Owner of the catalog.
samples,information_schema,catalogs,comment,2,null,YES,string,STRING,0,0,null,null,null,null,null,null,null,NO,null,null,null,null,null,null,NO,null,NO,NO,null,YES,null,An optional comment that describes the catalog.
samples,information_schema,catalogs,created,3,null,NO,timestamp,TIMESTAMP,null,null,null,null,null,3,null,null,null,NO,null,null,null,null,null,null,NO,null,NO,NO,null,YES,null,Timestamp when the catalog was created.
samples,information_schema,catalogs,created_by,4,null,NO,string,STRING,0,0,null,null,null,null,null,null,null,NO,null,null,null,null,null,null,NO,null,NO,NO,null,YES,null,Principal who created the catalog.
samples,information_schema,catalogs,last_altered,5,null,NO,timestamp,TIMESTAMP,null,null,null,null,null,3,null,null,null,NO,null,null,null,null,null,null,NO,null,NO,NO,null,YES,null,Timestamp when the catalog was last altered in any way.
samples,information_schema,catalogs,last_altered_by,6,null,NO,string,STRING,0,0,null,null,null,null,null,null,null,NO,null,null,null,null,null,null,NO,null,NO,NO,null,YES,null,Principal who last altered the catalog.
samples,information_schema,catalogs,url,7,null,YES,string,STRING,0,0,null,null,null,null,null,null,null,NO,null,null,null,null,null,null,NO,null,NO,NO,null,YES,null,The external location where the catalog was stored
samples,information_schema,catalogs,custom_max_retention_hours,8,null,YES,long,LONG,null,null,null,null,null,null,null,null,null,NO,null,null,null,null,null,null,NO,null,NO,NO,null,YES,null,The user specified period in hours in which a dropped catalog and its children are restorable
samples,information_schema,check_constraints,constraint_catalog,0,null,NO,string,STRING,0,0,null,null,null,null,null,null,null,NO,null,null,null,null,null,null,NO,null,NO,NO,null,YES,null,Catalog containing the check constraint.
samples,information_schema,check_constraints,constraint_schema,1,null,NO,string,STRING,0,0,null,null,null,null,null,null,null,NO,null,null,null,null,null,null,NO,null,NO,NO,null,YES,null,Schema containing the check constraint.
samples,information_schema,check_constraints,constraint_name,2,null,NO,string,STRING,0,0,null,null,null,null,null,null,null,NO,null,null,null,null,null,null,NO,null,NO,NO,null,YES,null,Name of the check constraint.
samples,information_schema,check_constraints,check_clause,3,null,NO,string,STRING,0,0,null,null,null,null,null,null,null,NO,null,null,null,null,null,null,NO,null,NO,NO,null,YES,null,The text of the check constraint condition.
samples,information_schema,check_constraints,sql_path,4,null,YES,string,STRING,0,0,null,null,null,null,null,null,null,NO,null,null,null,null,null,null,NO,null,NO,NO,null,YES,null,"Always NULL, reserved for future use."
samples,information_schema,check_constraints,comment,5,null,YES,string,STRING,0,0,null,null,null,null,null,null,null,NO,null,null,null,null,null,null,NO,null,NO,NO,null,YES,null,null
samples,information_schema,column_masks,table_catalog,0,null,NO,string,STRING,0,0,null,null,null,null,null,null,null,NO,null,null,null,null,null,null,NO,null,NO,NO,null,YES,null,null
samples,information_schema,column_masks,table_schema,1,null,NO,string,STRING,0,0,null,null,null,null,null,null,null,NO,null,null,null,null,null,null,NO,null,NO,NO,null,YES,null,null
samples,information_schema,column_masks,table_name,2,null,NO,string,STRING,0,0,null,null,null,null,null,null,null,NO,null,null,null,null,null,null,NO,null,NO,NO,null,YES,null,null
samples,information_schema,column_masks,column_name,3,null,NO,string,STRING,0,0,null,null,null,null,null,null,null,NO,null,null,null,null,null,null,NO,null,NO,NO,null,YES,null,null
samples,information_schema,column_masks,mask_name,4,null,YES,string,STRING,0,0,null,null,null,null,null,null,null,NO,null,null,null,null,null,null,NO,null,NO,NO,null,YES,null,null
samples,information_schema,column_masks,using_columns,5,null,YES,string,STRING,0,0,null,null,null,null,null,null,null,NO,null,null,null,null,null,null,NO,null,NO,NO,null,YES,null,null
samples,information_schema,column_tags,catalog_name,0,null,NO,string,STRING,0,0,null,null,null,null,null,null,null,NO,null,null,null,null,null,null,NO,null,NO,NO,null,YES,null,null
samples,information_schema,column_tags,schema_name,1,null,NO,string,STRING,0,0,null,null,null,null,null,null,null,NO,null,null,null,null,null,null,NO,null,NO,NO,null,YES,null,null
samples,information_schema,column_tags,table_name,2,null,NO,string,STRING,0,0,null,null,null,null,null,null,null,NO,null,null,null,null,null,null,NO,null,NO,NO,null,YES,null,null
samples,information_schema,column_tags,column_name,3,null,NO,string,STRING,0,0,null,null,null,null,null,null,null,NO,null,null,null,null,null,null,NO,null,NO,NO,null,YES,null,null
samples,information_schema,column_tags,tag_name,4,null,NO,string,STRING,0,0,null,null,null,null,null,null,null,NO,null,null,null,null,null,null,NO,null,NO,NO,null,YES,null,null
samples,information_schema,column_tags,tag_value,5,null,NO,string,STRING,0,0,null,null,null,null,null,null,null,NO,null,null,null,null,null,null,NO,null,NO,NO,null,YES,null,null
samples,information_schema,columns,table_catalog,0,null,NO,string,STRING,0,0,null,null,null,null,null,null,null,NO,null,null,null,null,null,null,NO,null,NO,NO,null,YES,null,Catalog that contains the relation.
samples,information_schema,columns,table_schema,1,null,NO,string,STRING,0,0,null,null,null,null,null,null,null,NO,null,null,null,null,null,null,NO,null,NO,NO,null,YES,null,Schema that contains the relation.
samples,information_schema,columns,table_name,2,null,NO,string,STRING,0,0,null,null,null,null,null,null,null,NO,null,null,null,null,null,null,NO,null,NO,NO,null,YES,null,Name of the relation the column is part of.
samples,information_schema,columns,column_name,3,null,NO,string,STRING,0,0,null,null,null,null,null,null,null,NO,null,null,null,null,null,null,NO,null,NO,NO,null,YES,null,Name of the column.
samples,information_schema,columns,ordinal_position,4,null,NO,int,INT,null,null,null,null,null,null,null,null,null,NO,null,null,null,null,null,null,NO,null,NO,NO,null,YES,null,The position (numbered from 1) of the column within the relation.
samples,information_schema,columns,column_default,5,null,YES,string,STRING,0,0,null,null,null,null,null,null,null,NO,null,null,null,null,null,null,NO,null,NO,NO,null,YES,null,"The default value used when the column is not specified in an INSERT, NULL if undefined."
samples,information_schema,columns,is_nullable,6,null,NO,string,STRING,0,0,null,null,null,null,null,null,null,NO,null,null,null,null,null,null,NO,null,NO,NO,null,YES,null,"YES if column is nullable, NO otherwise."
samples,information_schema,columns,full_data_type,7,null,NO,string,STRING,0,0,null,null,null,null,null,null,null,NO,null,null,null,null,null,null,NO,null,NO,NO,null,YES,null,The data type as specified in the column definition.
samples,information_schema,columns,data_type,8,null,NO,string,STRING,0,0,null,null,null,null,null,null,null,NO,null,null,null,null,null,null,NO,null,NO,NO,null,YES,null,"The simple data type name of the column, or STRUCT, or ARRAY."
samples,information_schema,columns,character_maximum_length,9,null,YES,long,LONG,null,null,null,null,null,null,null,null,null,NO,null,null,null,null,null,null,NO,null,NO,NO,null,YES,null,"Always NULL, reserved for future use."
samples,information_schema,columns,character_octet_length,10,null,YES,long,LONG,null,null,null,null,null,null,null,null,null,NO,null,null,null,null,null,null,NO,null,NO,NO,null,YES,null,"Always NULL, reserved for future use."
samples,information_schema,columns,numeric_precision,11,null,YES,int,INT,null,null,null,null,null,null,null,null,null,NO,null,null,null,null,null,null,NO,null,NO,NO,null,YES,null,"For base-2 integral numeric types, FLOAT, and DOUBLE, the number of supported bits. For DECIMAL the number of digits, NULL otherwise."
samples,information_schema,columns,numeric_precision_radix,12,null,YES,int,INT,null,null,null,null,null,null,null,null,null,NO,null,null,null,null,null,null,NO,null,NO,NO,null,YES,null,"For DECIMAL 10, for all other numeric types 2, NULL otherwise."
samples,information_schema,columns,numeric_scale,13,null,YES,int,INT,null,null,null,null,null,null,null,null,null,NO,null,null,null,null,null,null,NO,null,NO,NO,null,YES,null,"For integral numeric types 0, for DECIMAL the number of digits to the right of the decimal point, NULL otherwise."
samples,information_schema,columns,datetime_precision,14,null,YES,int,INT,null,null,null,null,null,null,null,null,null,NO,null,null,null,null,null,null,NO,null,NO,NO,null,YES,null,"For DATE 0, for TIMESTAMP, and INTERVAL … SECOND 6, any other INTERVAL 0, NULL otherwise."
samples,information_schema,columns,interval_type,15,null,YES,string,STRING,0,0,null,null,null,null,null,null,null,NO,null,null,null,null,null,null,NO,null,NO,NO,null,YES,null,"For INTERVAL the unit portion of the interval, e.g. 'YEAR TO MONTH', NULL otherwise."
samples,information_schema,columns,interval_precision,16,null,YES,int,INT,null,null,null,null,null,null,null,null,null,NO,null,null,null,null,null,null,NO,null,NO,NO,null,YES,null,"Always NULL, reserved for future use."
samples,information_schema,columns,maximum_cardinality,17,null,YES,long,LONG,null,null,null,null,null,null,null,null,null,NO,null,null,null,null,null,null,NO,null,NO,NO,null,YES,null,"Always NULL, reserved for future use."
samples,information_schema,columns,is_identity,18,null,NO,string,STRING,0,0,null,null,null,null,null,null,null,NO,null,null,null,null,null,null,NO,null,NO,NO,null,YES,null,"Always 'NO', reserved for future use."
samples,information_schema,columns,identity_generation,19,null,YES,string,STRING,0,0,null,null,null,null,null,null,null,NO,null,null,null,null,null,null,NO,null,NO,NO,null,YES,null,"Always NULL, reserved for future use."
samples,information_schema,columns,identity_start,20,null,YES,string,STRING,0,0,null,null,null,null,null,null,null,NO,null,null,null,null,null,null,NO,null,NO,NO,null,YES,null,"Always NULL, reserved for future use."
samples,information_schema,columns,identity_increment,21,null,YES,string,STRING,0,0,null,null,null,null,null,null,null,NO,null,null,null,null,null,null,NO,null,NO,NO,null,YES,null,"Always NULL, reserved for future use."
samples,information_schema,columns,identity_maximum,22,null,YES,string,STRING,0,0,null,null,null,null,null,null,null,NO,null,null,null,null,null,null,NO,null,NO,NO,null,YES,null,"Always NULL, reserved for future use."
samples,information_schema,columns,identity_minimum,23,null,YES,string,STRING,0,0,null,null,null,null,null,null,null,NO,null,null,null,null,null,null,NO,null,NO,NO,null,YES,null,"Always NULL, reserved for future use."
samples,information_schema,columns,identity_cycle,24,null,YES,string,STRING,0,0,null,null,null,null,null,null,null,NO,null,null,null,null,null,null,NO,null,NO,NO,null,YES,null,"Always NULL, reserved for future use."
samples,information_schema,columns,is_generated,25,null,NO,string,STRING,0,0,null,null,null,null,null,null,null,NO,null,null,null,null,null,null,NO,null,NO,NO,null,YES,null,"Always NULL, reserved for future use."
samples,information_schema,columns,generation_expression,26,null,YES,string,STRING,0,0,null,null,null,null,null,null,null,NO,null,null,null,null,null,null,NO,null,NO,NO,null,YES,null,"Always NULL, reserved for future use."
samples,information_schema,columns,is_system_time_period_start,27,null,NO,string,STRING,0,0,null,null,null,null,null,null,null,NO,null,null,null,null,null,null,NO,null,NO,NO,null,YES,null,"Always NO, reserved for future use."
samples,information_schema,columns,is_system_time_period_end,28,null,NO,string,STRING,0,0,null,null,null,null,null,null,null,NO,null,null,null,null,null,null,NO,null,NO,NO,null,YES,null,"Always NO, reserved for future use."
samples,information_schema,columns,system_time_period_timestamp_generation,29,null,YES,string,STRING,0,0,null,null,null,null,null,null,null,NO,null,null,null,null,null,null,NO,null,NO,NO,null,YES,null,"Always NULL, reserved for future use."
samples,information_schema,columns,is_updatable,30,null,NO,string,STRING,0,0,null,null,null,null,null,null,null,NO,null,null,null,null,null,null,NO,null,NO,NO,null,YES,null,"YES if column is updatable, NO otherwise."
samples,information_schema,columns,partition_index,31,null,YES,int,INT,null,null,null,null,null,null,null,null,null,NO,null,null,null,null,null,null,NO,null,NO,NO,null,YES,null,"Position (numbered from 1) of the column in the partition, NULL if not a partitioning column."
samples,information_schema,columns,comment,32,null,YES,string,STRING,0,0,null,null,null,null,null,null,null,NO,null,null,null,null,null,null,NO,null,NO,NO,null,YES,null,Optional description of the column.
samples,information_schema,columns,collation_catalog,33,null,YES,string,STRING,0,0,null,null,null,null,null,null,null,NO,null,null,null,null,null,null,NO,null,NO,NO,null,YES,null,"For string columns, always SYSTEM. Reserved for future use, NULL if not a string column."
samples,information_schema,columns,collation_schema,34,null,YES,string,STRING,0,0,null,null,null,null,null,null,null,NO,null,null,null,null,null,null,NO,null,NO,NO,null,YES,null,"For string columns, always BUILTIN. Reserved for future use, NULL if not a string column."
samples,information_schema,columns,collation_name,35,null,YES,string,STRING,0,0,null,null,null,null,null,null,null,NO,null,null,null,null,null,null,NO,null,NO,NO,null,YES,null,"For string columns, the name of the collation, NULL if not a string column."
samples,information_schema,constraint_column_usage,table_catalog,0,null,NO,string,STRING,0,0,null,null,null,null,null,null,null,NO,null,null,null,null,null,null,NO,null,NO,NO,null,YES,null,Catalog containing the relation.
samples,information_schema,constraint_column_usage,table_schema,1,null,NO,string,STRING,0,0,null,null,null,null,null,null,null,NO,null,null,null,null,null,null,NO,null,NO,NO,null,YES,null,Schema containing the relation.
samples,information_schema,constraint_column_usage,table_name,2,null,NO,string,STRING,0,0,null,null,null,null,null,null,null,NO,null,null,null,null,null,null,NO,null,NO,NO,null,YES,null,Name of the relation.
samples,information_schema,constraint_column_usage,column_name,3,null,NO,string,STRING,0,0,null,null,null,null,null,null,null,NO,null,null,null,null,null,null,NO,null,NO,NO,null,YES,null,Name of the column.
samples,information_schema,constraint_column_usage,constraint_catalog,4,null,NO,string,STRING,0,0,null,null,null,null,null,null,null,NO,null,null,null,null,null,null,NO,null,NO,NO,null,YES,null,Catalog containing the constraint.
samples,information_schema,constraint_column_usage,constraint_schema,5,null,NO,string,STRING,0,0,null,null,null,null,null,null,null,NO,null,null,null,null,null,null,NO,null,NO,NO,null,YES,null,Schema containing the constraint.
samples,information_schema,constraint_column_usage,constraint_name,6,null,NO,string,STRING,0,0,null,null,null,null,null,null,null,NO,null,null,null,null,null,null,NO,null,NO,NO,null,YES,null,Name of the constraint.
samples,information_schema,constraint_table_usage,table_catalog,0,null,NO,string,STRING,0,0,null,null,null,null,null,null,null,NO,null,null,null,null,null,null,NO,null,NO,NO,null,YES,null,Catalog containing the relation.
samples,information_schema,constraint_table_usage,table_schema,1,null,NO,string,STRING,0,0,null,null,null,null,null,null,null,NO,null,null,null,null,null,null,NO,null,NO,NO,null,YES,null,Schema containing the relation.
samples,information_schema,constraint_table_usage,table_name,2,null,NO,string,STRING,0,0,null,null,null,null,null,null,null,NO,null,null,null,null,null,null,NO,null,NO,NO,null,YES,null,Name of the relation.
samples,information_schema,constraint_table_usage,constraint_catalog,3,null,NO,string,STRING,0,0,null,null,null,null,null,null,null,NO,null,null,null,null,null,null,NO,null,NO,NO,null,YES,null,Catalog containing the constraint.
samples,information_schema,constraint_table_usage,constraint_schema,4,null,NO,string,STRING,0,0,null,null,null,null,null,null,null,NO,null,null,null,null,null,null,NO,null,NO,NO,null,YES,null,Schema containing the constraint.
samples,information_schema,constraint_table_usage,constraint_name,5,null,NO,string,STRING,0,0,null,null,null,null,null,null,null,NO,null,null,null,null,null,null,NO,null,NO,NO,null,YES,null,Name of the constraint.
samples,information_schema,information_schema_catalog_name,catalog_name,0,null,NO,string,STRING,0,0,null,null,null,null,null,null,null,NO,null,null,null,null,null,null,NO,null,NO,NO,null,YES,null,The name of the catalog containing this information schema.
samples,information_schema,key_column_usage,constraint_catalog,0,null,NO,string,STRING,0,0,null,null,null,null,null,null,null,NO,null,null,null,null,null,null,NO,null,NO,NO,null,YES,null,Catalog containing the constraint.
samples,information_schema,key_column_usage,constraint_schema,1,null,NO,string,STRING,0,0,null,null,null,null,null,null,null,NO,null,null,null,null,null,null,NO,null,NO,NO,null,YES,null,Schema containing the constraint.
samples,information_schema,key_column_usage,constraint_name,2,null,NO,string,STRING,0,0,null,null,null,null,null,null,null,NO,null,null,null,null,null,null,NO,null,NO,NO,null,YES,null,Name of the constraint.
samples,information_schema,key_column_usage,table_catalog,3,null,NO,string,STRING,0,0,null,null,null,null,null,null,null,NO,null,null,null,null,null,null,NO,null,NO,NO,null,YES,null,Catalog containing the table.
samples,information_schema,key_column_usage,table_schema,4,null,NO,string,STRING,0,0,null,null,null,null,null,null,null,NO,null,null,null,null,null,null,NO,null,NO,NO,null,YES,null,Schema containing the table.
samples,information_schema,key_column_usage,table_name,5,null,NO,string,STRING,0,0,null,null,null,null,null,null,null,NO,null,null,null,null,null,null,NO,null,NO,NO,null,YES,null,Name of the table in which the constraint is defined.
samples,information_schema,key_column_usage,column_name,6,null,NO,string,STRING,0,0,null,null,null,null,null,null,null,NO,null,null,null,null,null,null,NO,null,NO,NO,null,YES,null,Name of the column.
samples,information_schema,key_column_usage,ordinal_position,7,null,NO,int,INT,null,null,null,null,null,null,null,null,null,NO,null,null,null,null,null,null,NO,null,NO,NO,null,YES,null,Position (1-based) of the column in the key.
samples,information_schema,key_column_usage,position_in_unique_constraint,8,null,YES,int,INT,null,null,null,null,null,null,null,null,null,NO,null,null,null,null,null,null,NO,null,NO,NO,null,YES,null,"For foreign key, position (1-based) of the column in parent unique or primary key constraint, NULL otherwise."
samples,information_schema,parameters,specific_catalog,0,null,NO,string,STRING,0,0,null,null,null,null,null,null,null,NO,null,null,null,null,null,null,NO,null,NO,NO,null,YES,null,Catalog containing the routine.
samples,information_schema,parameters,specific_schema,1,null,NO,string,STRING,0,0,null,null,null,null,null,null,null,NO,null,null,null,null,null,null,NO,null,NO,NO,null,YES,null,Database (schema) containing the routine.
samples,information_schema,parameters,specific_name,2,null,NO,string,STRING,0,0,null,null,null,null,null,null,null,NO,null,null,null,null,null,null,NO,null,NO,NO,null,YES,null,Schema unique (specific) name of the routine.
samples,information_schema,parameters,ordinal_position,3,null,NO,int,INT,null,null,null,null,null,null,null,null,null,NO,null,null,null,null,null,null,NO,null,NO,NO,null,YES,null,The position (1-based) of the parameter in the routine parameter list.
samples,information_schema,parameters,parameter_mode,4,null,NO,string,STRING,0,0,null,null,null,null,null,null,null,NO,null,null,null,null,null,null,NO,null,NO,NO,null,YES,null,"The parameter mode, 'IN' 'OUT' or 'INOUT."
samples,information_schema,parameters,is_result,5,null,NO,string,STRING,0,0,null,null,null,null,null,null,null,NO,null,null,null,null,null,null,NO,null,NO,NO,null,YES,null,Always 'NO'. Reserved for future use.
samples,information_schema,parameters,as_locator,6,null,NO,string,STRING,0,0,null,null,null,null,null,null,null,NO,null,null,null,null,null,null,NO,null,NO,NO,null,YES,null,Always 'NO'. Reserved for future use.
samples,information_schema,parameters,parameter_name,7,null,YES,string,STRING,0,0,null,null,null,null,null,null,null,NO,null,null,null,null,null,null,NO,null,NO,NO,null,YES,null,"Name of the parameters, NULL if unnamed."
samples,information_schema,parameters,data_type,8,null,NO,string,STRING,0,0,null,null,null,null,null,null,null,NO,null,null,null,null,null,null,NO,null,NO,NO,null,YES,null,The parameter data type name.
samples,information_schema,parameters,full_data_type,9,null,NO,string,STRING,0,0,null,null,null,null,null,null,null,NO,null,null,null,null,null,null,NO,null,NO,NO,null,YES,null,"The parameter data type definition, for example 'DECIMAL(10, 4)'."
samples,information_schema,parameters,character_maximum_length,10,null,YES,long,LONG,null,null,null,null,null,null,null,null,null,NO,null,null,null,null,null,null,NO,null,NO,NO,null,YES,null,"Always NULL, reserved for future use."
samples,information_schema,parameters,character_octet_length,11,null,YES,long,LONG,null,null,null,null,null,null,null,null,null,NO,null,null,null,null,null,null,NO,null,NO,NO,null,YES,null,"Always NULL, reserved for future use."
samples,information_schema,parameters,numeric_precision,12,null,YES,int,INT,null,null,null,null,null,null,null,null,null,NO,null,null,null,null,null,null,NO,null,NO,NO,null,YES,null,"For base-2 integral numeric types, FLOAT, and DOUBLE, the number of supported bits. For DECIMAL the number of digits, NULL otherwise."
samples,information_schema,parameters,numeric_precision_radix,13,null,YES,int,INT,null,null,null,null,null,null,null,null,null,NO,null,null,null,null,null,null,NO,null,NO,NO,null,YES,null,"For DECIMAL 10, for all other numeric types 2, NULL otherwise."
samples,information_schema,parameters,numeric_scale,14,null,YES,int,INT,null,null,null,null,null,null,null,null,null,NO,null,null,null,null,null,null,NO,null,NO,NO,null,YES,null,"For integral numeric types 0, for DECIMAL the number of digits to the right of the decimal point, NULL otherwise."
samples,information_schema,parameters,datetime_precision,15,null,YES,int,INT,null,null,null,null,null,null,null,null,null,NO,null,null,null,null,null,null,NO,null,NO,NO,null,YES,null,"For DATE 0, for TIMESTAMP, and INTERVAL … SECOND 6, any other INTERVAL 0, NULL otherwise."
samples,information_schema,parameters,interval_type,16,null,YES,string,STRING,0,0,null,null,null,null,null,null,null,NO,null,null,null,null,null,null,NO,null,NO,NO,null,YES,null,"For INTERVAL the unit portion of the interval, e.g. 'YEAR TO MONTH', NULL otherwise."
samples,information_schema,parameters,interval_precision,17,null,YES,int,INT,null,null,null,null,null,null,null,null,null,NO,null,null,null,null,null,null,NO,null,NO,NO,null,YES,null,"Always NULL, reserved for future use."
samples,information_schema,parameters,maximum_cardinality,18,null,YES,long,LONG,null,null,null,null,null,null,null,null,null,NO,null,null,null,null,null,null,NO,null,NO,NO,null,YES,null,"Always NULL, reserved for future use."
samples,information_schema,parameters,parameter_default,19,null,YES,string,STRING,0,0,null,null,null,null,null,null,null,NO,null,null,null,null,null,null,NO,null,NO,NO,null,YES,null,"Always NULL, reserved for future use."
samples,information_schema,parameters,comment,20,null,YES,string,STRING,0,0,null,null,null,null,null,null,null,NO,null,null,null,null,null,null,NO,null,NO,NO,null,YES,null,An optional comment describing the parameter.
samples,information_schema,parameters,collation_catalog,21,null,YES,string,STRING,0,0,null,null,null,null,null,null,null,NO,null,null,null,null,null,null,NO,null,NO,NO,null,YES,null,"For string columns, always SYSTEM. Reserved for future use, NULL if not a string column."
samples,information_schema,parameters,collation_schema,22,null,YES,string,STRING,0,0,null,null,null,null,null,null,null,NO,null,null,null,null,null,null,NO,null,NO,NO,null,YES,null,"For string columns, always BUILTIN. Reserved for future use, NULL if not a string column."
samples,information_schema,parameters,collation_name,23,null,YES,string,STRING,0,0,null,null,null,null,null,null,null,NO,null,null,null,null,null,null,NO,null,NO,NO,null,YES,null,"For string columns, the name of the collation, NULL if not a string column."
samples,information_schema,referential_constraints,constraint_catalog,0,null,NO,string,STRING,0,0,null,null,null,null,null,null,null,NO,null,null,null,null,null,null,NO,null,NO,NO,null,YES,null,Catalog containing the foreign key constraint.
samples,information_schema,referential_constraints,constraint_schema,1,null,NO,string,STRING,0,0,null,null,null,null,null,null,null,NO,null,null,null,null,null,null,NO,null,NO,NO,null,YES,null,Schema containing the foreign key constraints.
samples,information_schema,referential_constraints,constraint_name,2,null,NO,string,STRING,0,0,null,null,null,null,null,null,null,NO,null,null,null,null,null,null,NO,null,NO,NO,null,YES,null,Name of the check constraint.
samples,information_schema,referential_constraints,unique_constraint_catalog,3,null,NO,string,STRING,0,0,null,null,null,null,null,null,null,NO,null,null,null,null,null,null,NO,null,NO,NO,null,YES,null,Catalog containing the referenced constraint.
samples,information_schema,referential_constraints,unique_constraint_schema,4,null,NO,string,STRING,0,0,null,null,null,null,null,null,null,NO,null,null,null,null,null,null,NO,null,NO,NO,null,YES,null,Schema containing the referenced constraint.
samples,information_schema,referential_constraints,unique_constraint_name,5,null,NO,string,STRING,0,0,null,null,null,null,null,null,null,NO,null,null,null,null,null,null,NO,null,NO,NO,null,YES,null,Name of the referenced constraint.
samples,information_schema,referential_constraints,match_option,6,null,NO,string,STRING,0,0,null,null,null,null,null,null,null,NO,null,null,null,null,null,null,NO,null,NO,NO,null,YES,null,"Always FULL, reserved for future use.."
samples,information_schema,referential_constraints,update_rule,7,null,NO,string,STRING,0,0,null,null,null,null,null,null,null,NO,null,null,null,null,null,null,NO,null,NO,NO,null,YES,null,"Always NO ACTION, reserved for future use."
samples,information_schema,referential_constraints,delete_rule,8,null,NO,string,STRING,0,0,null,null,null,null,null,null,null,NO,null,null,null,null,null,null,NO,null,NO,NO,null,YES,null,"Always NO ACTION, reserved for future use."
samples,information_schema,routine_columns,specific_catalog,0,null,NO,string,STRING,0,0,null,null,null,null,null,null,null,NO,null,null,null,null,null,null,NO,null,NO,NO,null,YES,null,Catalog containing the routine.
samples,information_schema,routine_columns,specific_schema,1,null,NO,string,STRING,0,0,null,null,null,null,null,null,null,NO,null,null,null,null,null,null,NO,null,NO,NO,null,YES,null,Database (schema) containing the routine.
samples,information_schema,routine_columns,specific_name,2,null,NO,string,STRING,0,0,null,null,null,null,null,null,null,NO,null,null,null,null,null,null,NO,null,NO,NO,null,YES,null,Schema unique (specific) name of the routine.
samples,information_schema,routine_columns,ordinal_position,3,null,NO,int,INT,null,null,null,null,null,null,null,null,null,NO,null,null,null,null,null,null,NO,null,NO,NO,null,YES,null,The position (1-based) of the column in the result column list.
samples,information_schema,routine_columns,column_name,4,null,NO,string,STRING,0,0,null,null,null,null,null,null,null,NO,null,null,null,null,null,null,NO,null,NO,NO,null,YES,null,"Name of the column, NULL if unnamed."
samples,information_schema,routine_columns,data_type,5,null,NO,string,STRING,0,0,null,null,null,null,null,null,null,NO,null,null,null,null,null,null,NO,null,NO,NO,null,YES,null,The parameter data type name.
samples,information_schema,routine_columns,full_data_type,6,null,NO,string,STRING,0,0,null,null,null,null,null,null,null,NO,null,null,null,null,null,null,NO,null,NO,NO,null,YES,null,"The parameter data type definition, for example 'DECIMAL(10, 4)'."
samples,information_schema,routine_columns,character_maximum_length,7,null,YES,long,LONG,null,null,null,null,null,null,null,null,null,NO,null,null,null,null,null,null,NO,null,NO,NO,null,YES,null,"Always NULL, reserved for future use."
samples,information_schema,routine_columns,character_octet_length,8,null,YES,long,LONG,null,null,null,null,null,null,null,null,null,NO,null,null,null,null,null,null,NO,null,NO,NO,null,YES,null,"Always NULL, reserved for future use."
samples,information_schema,routine_columns,numeric_precision,9,null,YES,int,INT,null,null,null,null,null,null,null,null,null,NO,null,null,null,null,null,null,NO,null,NO,NO,null,YES,null,"For base-2 integral numeric types, FLOAT, and DOUBLE, the number of supported bits. For DECIMAL the number of digits, NULL otherwise."
samples,information_schema,routine_columns,numeric_precision_radix,10,null,YES,int,INT,null,null,null,null,null,null,null,null,null,NO,null,null,null,null,null,null,NO,null,NO,NO,null,YES,null,"For DECIMAL 10, for all other numeric types 2, NULL otherwise."
samples,information_schema,routine_columns,numeric_scale,11,null,YES,int,INT,null,null,null,null,null,null,null,null,null,NO,null,null,null,null,null,null,NO,null,NO,NO,null,YES,null,"For integral numeric types 0, for DECIMAL the number of digits to the right of the decimal point, NULL otherwise."
samples,information_schema,routine_columns,datetime_precision,12,null,YES,int,INT,null,null,null,null,null,null,null,null,null,NO,null,null,null,null,null,null,NO,null,NO,NO,null,YES,null,"For DATE 0, for TIMESTAMP, and INTERVAL … SECOND 6, any other INTERVAL 0, NULL otherwise."
samples,information_schema,routine_columns,interval_type,13,null,YES,string,STRING,0,0,null,null,null,null,null,null,null,NO,null,null,null,null,null,null,NO,null,NO,NO,null,YES,null,"For INTERVAL the unit portion of the interval, e.g. 'YEAR TO MONTH', NULL otherwise."
samples,information_schema,routine_columns,interval_precision,14,null,YES,int,INT,null,null,null,null,null,null,null,null,null,NO,null,null,null,null,null,null,NO,null,NO,NO,null,YES,null,"Always NULL, reserved for future use."
samples,information_schema,routine_columns,maximum_cardinality,15,null,YES,long,LONG,null,null,null,null,null,null,null,null,null,NO,null,null,null,null,null,null,NO,null,NO,NO,null,YES,null,"Always NULL, reserved for future use."
samples,information_schema,routine_columns,comment,16,null,YES,string,STRING,0,0,null,null,null,null,null,null,null,NO,null,null,null,null,null,null,NO,null,NO,NO,null,YES,null,An optional comment describing the result column.
samples,information_schema,routine_columns,collation_catalog,17,null,YES,string,STRING,0,0,null,null,null,null,null,null,null,NO,null,null,null,null,null,null,NO,null,NO,NO,null,YES,null,"For string columns, always SYSTEM. Reserved for future use, NULL if not a string column."
samples,information_schema,routine_columns,collation_schema,18,null,YES,string,STRING,0,0,null,null,null,null,null,null,null,NO,null,null,null,null,null,null,NO,null,NO,NO,null,YES,null,"For string columns, always BUILTIN. Reserved for future use, NULL if not a string column."
samples,information_schema,routine_columns,collation_name,19,null,YES,string,STRING,0,0,null,null,null,null,null,null,null,NO,null,null,null,null,null,null,NO,null,NO,NO,null,YES,null,"For string columns, the name of the collation, NULL if not a string column."
samples,information_schema,routine_privileges,grantor,0,null,NO,string,STRING,0,0,null,null,null,null,null,null,null,NO,null,null,null,null,null,null,NO,null,NO,NO,null,YES,null,Principal who granted the privilege.
samples,information_schema,routine_privileges,grantee,1,null,NO,string,STRING,0,0,null,null,null,null,null,null,null,NO,null,null,null,null,null,null,NO,null,NO,NO,null,YES,null,Principal to which the privilege is granted.
samples,information_schema,routine_privileges,specific_catalog,2,null,NO,string,STRING,0,0,null,null,null,null,null,null,null,NO,null,null,null,null,null,null,NO,null,NO,NO,null,YES,null,Catalog of routine on which the privilege is granted.
samples,information_schema,routine_privileges,specific_schema,3,null,NO,string,STRING,0,0,null,null,null,null,null,null,null,NO,null,null,null,null,null,null,NO,null,NO,NO,null,YES,null,Database of routine on which the privilege is granted.
samples,information_schema,routine_privileges,specific_name,4,null,NO,string,STRING,0,0,null,null,null,null,null,null,null,NO,null,null,null,null,null,null,NO,null,NO,NO,null,YES,null,Schema unique (specific) name of routine on which the privilege is granted.
samples,information_schema,routine_privileges,routine_catalog,5,null,NO,string,STRING,0,0,null,null,null,null,null,null,null,NO,null,null,null,null,null,null,NO,null,NO,NO,null,YES,null,Matches SPECIFIC_CATALOG.
samples,information_schema,routine_privileges,routine_schema,6,null,NO,string,STRING,0,0,null,null,null,null,null,null,null,NO,null,null,null,null,null,null,NO,null,NO,NO,null,YES,null,Matches SPECIFIC_SCHEMA.
samples,information_schema,routine_privileges,routine_name,7,null,NO,string,STRING,0,0,null,null,null,null,null,null,null,NO,null,null,null,null,null,null,NO,null,NO,NO,null,YES,null,Name of routine on which the privilege is granted.
samples,information_schema,routine_privileges,privilege_type,8,null,NO,string,STRING,0,0,null,null,null,null,null,null,null,NO,null,null,null,null,null,null,NO,null,NO,NO,null,YES,null,Privilege being granted.
samples,information_schema,routine_privileges,is_grantable,9,null,NO,string,STRING,0,0,null,null,null,null,null,null,null,NO,null,null,null,null,null,null,NO,null,NO,NO,null,YES,null,Always NO. Reserved for future use.
samples,information_schema,routine_privileges,inherited_from,10,null,NO,string,STRING,0,0,null,null,null,null,null,null,null,NO,null,null,null,null,null,null,NO,null,NO,NO,null,YES,null,The ancestor relation that the privilege is inherited from.
samples,information_schema,routine_tags,catalog_name,0,null,NO,string,STRING,0,0,null,null,null,null,null,null,null,NO,null,null,null,null,null,null,NO,null,NO,NO,null,YES,null,null
samples,information_schema,routine_tags,schema_name,1,null,NO,string,STRING,0,0,null,null,null,null,null,null,null,NO,null,null,null,null,null,null,NO,null,NO,NO,null,YES,null,null
samples,information_schema,routine_tags,routine_name,2,null,NO,string,STRING,0,0,null,null,null,null,null,null,null,NO,null,null,null,null,null,null,NO,null,NO,NO,null,YES,null,null
samples,information_schema,routine_tags,tag_name,3,null,NO,string,STRING,0,0,null,null,null,null,null,null,null,NO,null,null,null,null,null,null,NO,null,NO,NO,null,YES,null,null
samples,information_schema,routine_tags,tag_value,4,null,NO,string,STRING,0,0,null,null,null,null,null,null,null,NO,null,null,null,null,null,null,NO,null,NO,NO,null,YES,null,null
samples,information_schema,routines,specific_catalog,0,null,NO,string,STRING,0,0,null,null,null,null,null,null,null,NO,null,null,null,null,null,null,NO,null,NO,NO,null,YES,null,Catalog containing the routine.
samples,information_schema,routines,specific_schema,1,null,NO,string,STRING,0,0,null,null,null,null,null,null,null,NO,null,null,null,null,null,null,NO,null,NO,NO,null,YES,null,Database (schema) containing the routine.
samples,information_schema,routines,specific_name,2,null,NO,string,STRING,0,0,null,null,null,null,null,null,null,NO,null,null,null,null,null,null,NO,null,NO,NO,null,YES,null,Schema unique (specific) name of the routine.
samples,information_schema,routines,routine_catalog,3,null,NO,string,STRING,0,0,null,null,null,null,null,null,null,NO,null,null,null,null,null,null,NO,null,NO,NO,null,YES,null,Matches SPECIFIC_CATALOG.
samples,information_schema,routines,routine_schema,4,null,NO,string,STRING,0,0,null,null,null,null,null,null,null,NO,null,null,null,null,null,null,NO,null,NO,NO,null,YES,null,Matches SPECIFIC_SCHEMA.
samples,information_schema,routines,routine_name,5,null,NO,string,STRING,0,0,null,null,null,null,null,null,null,NO,null,null,null,null,null,null,NO,null,NO,NO,null,YES,null,Name of the routine.
samples,information_schema,routines,routine_owner,6,null,NO,string,STRING,0,0,null,null,null,null,null,null,null,NO,null,null,null,null,null,null,NO,null,NO,NO,null,YES,null,null
samples,information_schema,routines,routine_type,7,null,NO,string,STRING,0,0,null,null,null,null,null,null,null,NO,null,null,null,null,null,null,NO,null,NO,NO,null,YES,null,"The routine type, 'FUNCTION' or 'PROCEDURE'."
samples,information_schema,routines,data_type,8,null,NO,string,STRING,0,0,null,null,null,null,null,null,null,NO,null,null,null,null,null,null,NO,null,NO,NO,null,YES,null,"The result data type name, or 'TABLE' for a table valued function, 'NULL' for procedures."
samples,information_schema,routines,full_data_type,9,null,NO,string,STRING,0,0,null,null,null,null,null,null,null,NO,null,null,null,null,null,null,NO,null,NO,NO,null,YES,null,"The result data type definition, for example 'DECIMAL(10, 4)', 'NULL' for procedures."
samples,information_schema,routines,character_maximum_length,10,null,YES,long,LONG,null,null,null,null,null,null,null,null,null,NO,null,null,null,null,null,null,NO,null,NO,NO,null,YES,null,"Always NULL, reserved for future use."
samples,information_schema,routines,character_octet_length,11,null,YES,long,LONG,null,null,null,null,null,null,null,null,null,NO,null,null,null,null,null,null,NO,null,NO,NO,null,YES,null,"Always NULL, reserved for future use."
samples,information_schema,routines,numeric_precision,12,null,YES,int,INT,null,null,null,null,null,null,null,null,null,NO,null,null,null,null,null,null,NO,null,NO,NO,null,YES,null,"For base-2 integral numeric types, FLOAT, and DOUBLE, the number of supported bits. For DECIMAL the number of digits, NULL otherwise."
samples,information_schema,routines,numeric_precision_radix,13,null,YES,int,INT,null,null,null,null,null,null,null,null,null,NO,null,null,null,null,null,null,NO,null,NO,NO,null,YES,null,"For DECIMAL 10, for all other numeric types 2, NULL otherwise."
samples,information_schema,routines,numeric_scale,14,null,YES,int,INT,null,null,null,null,null,null,null,null,null,NO,null,null,null,null,null,null,NO,null,NO,NO,null,YES,null,"For integral numeric types 0, for DECIMAL the number of digits to the right of the decimal point, NULL otherwise."
samples,information_schema,routines,datetime_precision,15,null,YES,int,INT,null,null,null,null,null,null,null,null,null,NO,null,null,null,null,null,null,NO,null,NO,NO,null,YES,null,"For DATE 0, for TIMESTAMP, and INTERVAL … SECOND 6, any other INTERVAL 0, NULL otherwise."
samples,information_schema,routines,interval_type,16,null,YES,string,STRING,0,0,null,null,null,null,null,null,null,NO,null,null,null,null,null,null,NO,null,NO,NO,null,YES,null,"For INTERVAL the unit portion of the interval, e.g. 'YEAR TO MONTH', NULL otherwise."
samples,information_schema,routines,interval_precision,17,null,YES,int,INT,null,null,null,null,null,null,null,null,null,NO,null,null,null,null,null,null,NO,null,NO,NO,null,YES,null,"Always NULL, reserved for future use."
samples,information_schema,routines,maximum_cardinality,18,null,YES,long,LONG,null,null,null,null,null,null,null,null,null,NO,null,null,null,null,null,null,NO,null,NO,NO,null,YES,null,"Always NULL, reserved for future use."
samples,information_schema,routines,routine_body,19,null,NO,string,STRING,0,0,null,null,null,null,null,null,null,NO,null,null,null,null,null,null,NO,null,NO,NO,null,YES,null,"The routine body, 'SQL' or 'EXTERNAL'."
samples,information_schema,routines,routine_definition,20,null,YES,string,STRING,0,0,null,null,null,null,null,null,null,NO,null,null,null,null,null,null,NO,null,NO,NO,null,YES,null,The full definition of the routine. NULL if the user is not the owner.
samples,information_schema,routines,external_name,21,null,YES,string,STRING,0,0,null,null,null,null,null,null,null,NO,null,null,null,null,null,null,NO,null,NO,NO,null,YES,null,"Always NULL, reserved for future use."
samples,information_schema,routines,external_language,22,null,YES,string,STRING,0,0,null,null,null,null,null,null,null,NO,null,null,null,null,null,null,NO,null,NO,NO,null,YES,null,"The routine language, 'SQL' or 'Python' or 'FeatureSpec' or NULL."
samples,information_schema,routines,parameter_style,23,null,NO,string,STRING,0,0,null,null,null,null,null,null,null,NO,null,null,null,null,null,null,NO,null,NO,NO,null,YES,null,"Always 'SQL', reserved for future use."
samples,information_schema,routines,is_deterministic,24,null,NO,string,STRING,0,0,null,null,null,null,null,null,null,NO,null,null,null,null,null,null,NO,null,NO,NO,null,YES,null,"'YES' if routine defined as deterministic, 'NO' otherwise."
samples,information_schema,routines,sql_data_access,25,null,NO,string,STRING,0,0,null,null,null,null,null,null,null,NO,null,null,null,null,null,null,NO,null,NO,NO,null,YES,null,"'MODIFIES SQL DATA' for procedures, 'READS SQL DATA' if routine reads from a relation, 'CONTAINS SQL' otherwise."
samples,information_schema,routines,is_null_call,26,null,NO,string,STRING,0,0,null,null,null,null,null,null,null,NO,null,null,null,null,null,null,NO,null,NO,NO,null,YES,null,"Always 'YES', reserved for future use."
samples,information_schema,routines,security_type,27,null,NO,string,STRING,0,0,null,null,null,null,null,null,null,NO,null,null,null,null,null,null,NO,null,NO,NO,null,YES,null,"The security type, 'DEFINER' or 'INVOKER'."
samples,information_schema,routines,sql_path,28,null,YES,string,STRING,0,0,null,null,null,null,null,null,null,NO,null,null,null,null,null,null,NO,null,NO,NO,null,YES,null,Comma-separated list of qualified schema names.
samples,information_schema,routines,comment,29,null,YES,string,STRING,0,0,null,null,null,null,null,null,null,NO,null,null,null,null,null,null,NO,null,NO,NO,null,YES,null,An optional comment describing the routine.
samples,information_schema,routines,created,30,null,NO,timestamp,TIMESTAMP,null,null,null,null,null,3,null,null,null,NO,null,null,null,null,null,null,NO,null,NO,NO,null,YES,null,Timestamp when the routine was created.
samples,information_schema,routines,created_by,31,null,NO,string,STRING,0,0,null,null,null,null,null,null,null,NO,null,null,null,null,null,null,NO,null,NO,NO,null,YES,null,Principal which created the routine.
samples,information_schema,routines,last_altered,32,null,NO,timestamp,TIMESTAMP,null,null,null,null,null,3,null,null,null,NO,null,null,null,null,null,null,NO,null,NO,NO,null,YES,null,Timestamp when the routine definition was last altered in any way.
samples,information_schema,routines,last_altered_by,33,null,NO,string,STRING,0,0,null,null,null,null,null,null,null,NO,null,null,null,null,null,null,NO,null,NO,NO,null,YES,null,Principal which last altered the routine.
samples,information_schema,routines,collation_catalog,34,null,NO,string,STRING,0,0,null,null,null,null,null,null,null,NO,null,null,null,null,null,null,NO,null,NO,NO,null,YES,null,Always SYSTEM. Reserved for future use.
samples,information_schema,routines,collation_schema,35,null,NO,string,STRING,0,0,null,null,null,null,null,null,null,NO,null,null,null,null,null,null,NO,null,NO,NO,null,YES,null,Always BUILTIN. Reserved for future use.
samples,information_schema,routines,collation_name,36,null,NO,string,STRING,0,0,null,null,null,null,null,null,null,NO,null,null,null,null,null,null,NO,null,NO,NO,null,YES,null,The name of the collation used by default in the body of the SQL routine.
samples,information_schema,row_filters,table_catalog,0,null,NO,string,STRING,0,0,null,null,null,null,null,null,null,NO,null,null,null,null,null,null,NO,null,NO,NO,null,YES,null,null
samples,information_schema,row_filters,table_schema,1,null,NO,string,STRING,0,0,null,null,null,null,null,null,null,NO,null,null,null,null,null,null,NO,null,NO,NO,null,YES,null,null
samples,information_schema,row_filters,table_name,2,null,NO,string,STRING,0,0,null,null,null,null,null,null,null,NO,null,null,null,null,null,null,NO,null,NO,NO,null,YES,null,null
samples,information_schema,row_filters,filter_name,3,null,YES,string,STRING,0,0,null,null,null,null,null,null,null,NO,null,null,null,null,null,null,NO,null,NO,NO,null,YES,null,null
samples,information_schema,row_filters,target_columns,4,null,YES,string,STRING,0,0,null,null,null,null,null,null,null,NO,null,null,null,null,null,null,NO,null,NO,NO,null,YES,null,null
samples,information_schema,schema_privileges,grantor,0,null,NO,string,STRING,0,0,null,null,null,null,null,null,null,NO,null,null,null,null,null,null,NO,null,NO,NO,null,YES,null,Principal that granted the privilege.
samples,information_schema,schema_privileges,grantee,1,null,NO,string,STRING,0,0,null,null,null,null,null,null,null,NO,null,null,null,null,null,null,NO,null,NO,NO,null,YES,null,Principal to which the privilege is granted.
samples,information_schema,schema_privileges,catalog_name,2,null,NO,string,STRING,0,0,null,null,null,null,null,null,null,NO,null,null,null,null,null,null,NO,null,NO,NO,null,YES,null,Catalog of schema on which the privilege is granted.
samples,information_schema,schema_privileges,schema_name,3,null,NO,string,STRING,0,0,null,null,null,null,null,null,null,NO,null,null,null,null,null,null,NO,null,NO,NO,null,YES,null,Schema on which the privilege is granted.
samples,information_schema,schema_privileges,privilege_type,4,null,NO,string,STRING,0,0,null,null,null,null,null,null,null,NO,null,null,null,null,null,null,NO,null,NO,NO,null,YES,null,Privilege being granted.
samples,information_schema,schema_privileges,is_grantable,5,null,NO,string,STRING,0,0,null,null,null,null,null,null,null,NO,null,null,null,null,null,null,NO,null,NO,NO,null,YES,null,Always NO. Reserved for future use.
samples,information_schema,schema_privileges,inherited_from,6,null,NO,string,STRING,0,0,null,null,null,null,null,null,null,NO,null,null,null,null,null,null,NO,null,NO,NO,null,YES,null,The ancestor relation that the privilege is inherited from.
samples,information_schema,schema_tags,catalog_name,0,null,NO,string,STRING,0,0,null,null,null,null,null,null,null,NO,null,null,null,null,null,null,NO,null,NO,NO,null,YES,null,null
samples,information_schema,schema_tags,schema_name,1,null,NO,string,STRING,0,0,null,null,null,null,null,null,null,NO,null,null,null,null,null,null,NO,null,NO,NO,null,YES,null,null
samples,information_schema,schema_tags,tag_name,2,null,NO,string,STRING,0,0,null,null,null,null,null,null,null,NO,null,null,null,null,null,null,NO,null,NO,NO,null,YES,null,null
samples,information_schema,schema_tags,tag_value,3,null,NO,string,STRING,0,0,null,null,null,null,null,null,null,NO,null,null,null,null,null,null,NO,null,NO,NO,null,YES,null,null
samples,information_schema,schemata,catalog_name,0,null,NO,string,STRING,0,0,null,null,null,null,null,null,null,NO,null,null,null,null,null,null,NO,null,NO,NO,null,YES,null,Catalog containing the schema.
samples,information_schema,schemata,schema_name,1,null,NO,string,STRING,0,0,null,null,null,null,null,null,null,NO,null,null,null,null,null,null,NO,null,NO,NO,null,YES,null,Name of the schema.
samples,information_schema,schemata,schema_owner,2,null,NO,string,STRING,0,0,null,null,null,null,null,null,null,NO,null,null,null,null,null,null,NO,null,NO,NO,null,YES,null,User or group (principal) that currently owns the schema.
samples,information_schema,schemata,comment,3,null,YES,string,STRING,0,0,null,null,null,null,null,null,null,NO,null,null,null,null,null,null,NO,null,NO,NO,null,YES,null,An optional comment that describes the relation.
samples,information_schema,schemata,created,4,null,NO,timestamp,TIMESTAMP,null,null,null,null,null,3,null,null,null,NO,null,null,null,null,null,null,NO,null,NO,NO,null,YES,null,Timestamp when the relation was created.
samples,information_schema,schemata,created_by,5,null,NO,string,STRING,0,0,null,null,null,null,null,null,null,NO,null,null,null,null,null,null,NO,null,NO,NO,null,YES,null,Principal which created the relation.
samples,information_schema,schemata,last_altered,6,null,NO,timestamp,TIMESTAMP,null,null,null,null,null,3,null,null,null,NO,null,null,null,null,null,null,NO,null,NO,NO,null,YES,null,Timestamp when the relation definition was last altered in any way.
samples,information_schema,schemata,last_altered_by,7,null,NO,string,STRING,0,0,null,null,null,null,null,null,null,NO,null,null,null,null,null,null,NO,null,NO,NO,null,YES,null,Principal which last altered the relation.
samples,information_schema,schemata,url,8,null,YES,string,STRING,0,0,null,null,null,null,null,null,null,NO,null,null,null,null,null,null,NO,null,NO,NO,null,YES,null,The external location where the schema was stored
samples,information_schema,schemata,custom_max_retention_hours,9,null,YES,long,LONG,null,null,null,null,null,null,null,null,null,NO,null,null,null,null,null,null,NO,null,NO,NO,null,YES,null,The user specified period in hours in which a dropped schema and its children are restorable
samples,information_schema,table_constraints,constraint_catalog,0,null,NO,string,STRING,0,0,null,null,null,null,null,null,null,NO,null,null,null,null,null,null,NO,null,NO,NO,null,YES,null,Catalog containing the constraint.
samples,information_schema,table_constraints,constraint_schema,1,null,NO,string,STRING,0,0,null,null,null,null,null,null,null,NO,null,null,null,null,null,null,NO,null,NO,NO,null,YES,null,Schema containing the constraint.
samples,information_schema,table_constraints,constraint_name,2,null,NO,string,STRING,0,0,null,null,null,null,null,null,null,NO,null,null,null,null,null,null,NO,null,NO,NO,null,YES,null,Name of the constraint.
samples,information_schema,table_constraints,table_catalog,3,null,NO,string,STRING,0,0,null,null,null,null,null,null,null,NO,null,null,null,null,null,null,NO,null,NO,NO,null,YES,null,Catalog containing the table.
samples,information_schema,table_constraints,table_schema,4,null,NO,string,STRING,0,0,null,null,null,null,null,null,null,NO,null,null,null,null,null,null,NO,null,NO,NO,null,YES,null,Schema containing the table.
samples,information_schema,table_constraints,table_name,5,null,NO,string,STRING,0,0,null,null,null,null,null,null,null,NO,null,null,null,null,null,null,NO,null,NO,NO,null,YES,null,Name of the table in which the constraint is defined.
samples,information_schema,table_constraints,constraint_type,6,null,NO,string,STRING,0,0,null,null,null,null,null,null,null,NO,null,null,null,null,null,null,NO,null,NO,NO,null,YES,null,"One of 'CHECK', 'PRIMARY KEY', 'FOREIGN KEY'"
samples,information_schema,table_constraints,is_deferrable,7,null,NO,string,STRING,0,0,null,null,null,null,null,null,null,NO,null,null,null,null,null,null,NO,null,NO,NO,null,YES,null,Always`’YES’`. Reserved for future use.
samples,information_schema,table_constraints,initially_deferred,8,null,NO,string,STRING,0,0,null,null,null,null,null,null,null,NO,null,null,null,null,null,null,NO,null,NO,NO,null,YES,null,Always 'YES'. Reserved for future use.
samples,information_schema,table_constraints,enforced,9,null,NO,string,STRING,0,0,null,null,null,null,null,null,null,NO,null,null,null,null,null,null,NO,null,NO,NO,null,YES,null,"'YES' if constraint is enforced, 'NO' otherwise."
samples,information_schema,table_privileges,grantor,0,null,NO,string,STRING,0,0,null,null,null,null,null,null,null,NO,null,null,null,null,null,null,NO,null,NO,NO,null,YES,null,Principal that granted the privilege.
samples,information_schema,table_privileges,grantee,1,null,NO,string,STRING,0,0,null,null,null,null,null,null,null,NO,null,null,null,null,null,null,NO,null,NO,NO,null,YES,null,Principal to which the privilege is granted.
samples,information_schema,table_privileges,table_catalog,2,null,NO,string,STRING,0,0,null,null,null,null,null,null,null,NO,null,null,null,null,null,null,NO,null,NO,NO,null,YES,null,Catalog of relation on which the privilege is granted.
samples,information_schema,table_privileges,table_schema,3,null,NO,string,STRING,0,0,null,null,null,null,null,null,null,NO,null,null,null,null,null,null,NO,null,NO,NO,null,YES,null,Schema of relation on which the privilege is granted.
samples,information_schema,table_privileges,table_name,4,null,NO,string,STRING,0,0,null,null,null,null,null,null,null,NO,null,null,null,null,null,null,NO,null,NO,NO,null,YES,null,Relation on which the privilege is granted.
samples,information_schema,table_privileges,privilege_type,5,null,NO,string,STRING,0,0,null,null,null,null,null,null,null,NO,null,null,null,null,null,null,NO,null,NO,NO,null,YES,null,Privilege being granted.
samples,information_schema,table_privileges,is_grantable,6,null,NO,string,STRING,0,0,null,null,null,null,null,null,null,NO,null,null,null,null,null,null,NO,null,NO,NO,null,YES,null,Always NO. Reserved for future use.
samples,information_schema,table_privileges,inherited_from,7,null,NO,string,STRING,0,0,null,null,null,null,null,null,null,NO,null,null,null,null,null,null,NO,null,NO,NO,null,YES,null,The ancestor relation that the privilege is inherited from.
samples,information_schema,table_tags,catalog_name,0,null,NO,string,STRING,0,0,null,null,null,null,null,null,null,NO,null,null,null,null,null,null,NO,null,NO,NO,null,YES,null,null
samples,information_schema,table_tags,schema_name,1,null,NO,string,STRING,0,0,null,null,null,null,null,null,null,NO,null,null,null,null,null,null,NO,null,NO,NO,null,YES,null,null
samples,information_schema,table_tags,table_name,2,null,NO,string,STRING,0,0,null,null,null,null,null,null,null,NO,null,null,null,null,null,null,NO,null,NO,NO,null,YES,null,null
samples,information_schema,table_tags,tag_name,3,null,NO,string,STRING,0,0,null,null,null,null,null,null,null,NO,null,null,null,null,null,null,NO,null,NO,NO,null,YES,null,null
samples,information_schema,table_tags,tag_value,4,null,NO,string,STRING,0,0,null,null,null,null,null,null,null,NO,null,null,null,null,null,null,NO,null,NO,NO,null,YES,null,null
samples,information_schema,tables,table_catalog,0,null,NO,string,STRING,0,0,null,null,null,null,null,null,null,NO,null,null,null,null,null,null,NO,null,NO,NO,null,YES,null,Catalog that contains the relation.
samples,information_schema,tables,table_schema,1,null,NO,string,STRING,0,0,null,null,null,null,null,null,null,NO,null,null,null,null,null,null,NO,null,NO,NO,null,YES,null,Schema that contains the relation.
samples,information_schema,tables,table_name,2,null,NO,string,STRING,0,0,null,null,null,null,null,null,null,NO,null,null,null,null,null,null,NO,null,NO,NO,null,YES,null,Name of the relation.
samples,information_schema,tables,table_type,3,null,NO,string,STRING,0,0,null,null,null,null,null,null,null,NO,null,null,null,null,null,null,NO,null,NO,NO,null,YES,null,"Type of the table such as 'MANAGED', 'FOREIGN', 'VIEW', etc."
samples,information_schema,tables,is_insertable_into,4,null,NO,string,STRING,0,0,null,null,null,null,null,null,null,NO,null,null,null,null,null,null,NO,null,NO,NO,null,YES,null,"'YES' if the relation can be inserted into, 'NO' otherwise."
samples,information_schema,tables,commit_action,5,null,NO,string,STRING,0,0,null,null,null,null,null,null,null,NO,null,null,null,null,null,null,NO,null,NO,NO,null,YES,null,Always 'PRESERVE'. Reserved for future use.
samples,information_schema,tables,table_owner,6,null,NO,string,STRING,0,0,null,null,null,null,null,null,null,NO,null,null,null,null,null,null,NO,null,NO,NO,null,YES,null,User or group (principal) currently owning the relation.
samples,information_schema,tables,comment,7,null,YES,string,STRING,0,0,null,null,null,null,null,null,null,NO,null,null,null,null,null,null,NO,null,NO,NO,null,YES,null,An optional comment that describes the relation.
samples,information_schema,tables,created,8,null,NO,timestamp,TIMESTAMP,null,null,null,null,null,3,null,null,null,NO,null,null,null,null,null,null,NO,null,NO,NO,null,YES,null,Timestamp when the relation was created.
samples,information_schema,tables,created_by,9,null,NO,string,STRING,0,0,null,null,null,null,null,null,null,NO,null,null,null,null,null,null,NO,null,NO,NO,null,YES,null,Principal which created the relation.
samples,information_schema,tables,last_altered,10,null,NO,timestamp,TIMESTAMP,null,null,null,null,null,3,null,null,null,NO,null,null,null,null,null,null,NO,null,NO,NO,null,YES,null,Timestamp when the relation definition was last altered in any way.
samples,information_schema,tables,last_altered_by,11,null,NO,string,STRING,0,0,null,null,null,null,null,null,null,NO,null,null,null,null,null,null,NO,null,NO,NO,null,YES,null,Principal which last altered the relation.
samples,information_schema,tables,data_source_format,12,null,NO,string,STRING,0,0,null,null,null,null,null,null,null,NO,null,null,null,null,null,null,NO,null,NO,NO,null,YES,null,"Format of the data source such as PARQUET, or CSV."
samples,information_schema,tables,storage_sub_directory,13,null,YES,string,STRING,0,0,null,null,null,null,null,null,null,NO,null,null,null,null,null,null,NO,null,NO,NO,null,YES,null,"Path to the storage of an external table, NULL otherwise."
samples,information_schema,tables,storage_path,14,null,YES,string,STRING,0,0,null,null,null,null,null,null,null,NO,null,null,null,null,null,null,NO,null,NO,NO,null,YES,null,null
samples,information_schema,views,table_catalog,0,null,NO,string,STRING,0,0,null,null,null,null,null,null,null,NO,null,null,null,null,null,null,NO,null,NO,NO,null,YES,null,Catalog containing the view.
samples,information_schema,views,table_schema,1,null,NO,string,STRING,0,0,null,null,null,null,null,null,null,NO,null,null,null,null,null,null,NO,null,NO,NO,null,YES,null,Schema containing the view.
samples,information_schema,views,table_name,2,null,NO,string,STRING,0,0,null,null,null,null,null,null,null,NO,null,null,null,null,null,null,NO,null,NO,NO,null,YES,null,Name of the relation.
samples,information_schema,views,view_definition,3,null,YES,string,STRING,0,0,null,null,null,null,null,null,null,NO,null,null,null,null,null,null,NO,null,NO,NO,null,YES,null,"The view text if the user owns the view, NULL otherwise."
samples,information_schema,views,check_option,4,null,NO,string,STRING,0,0,null,null,null,null,null,null,null,NO,null,null,null,null,null,null,NO,null,NO,NO,null,YES,null,Always 'NONE'. Reserved for future use.
samples,information_schema,views,is_updatable,5,null,NO,string,STRING,0,0,null,null,null,null,null,null,null,NO,null,null,null,null,null,null,NO,null,NO,NO,null,YES,null,Always NO. Reserved for future use
samples,information_schema,views,is_insertable_into,6,null,NO,string,STRING,0,0,null,null,null,null,null,null,null,NO,null,null,null,null,null,null,NO,null,NO,NO,null,YES,null,Always NO. Reserved for future use.
samples,information_schema,views,sql_path,7,null,YES,string,STRING,0,0,null,null,null,null,null,null,null,NO,null,null,null,null,null,null,NO,null,NO,NO,null,YES,null,Comma-separated list of qualified schema names.
samples,information_schema,views,is_materialized,8,null,YES,string,STRING,0,0,null,null,null,null,null,null,null,NO,null,null,null,null,null,null,NO,null,NO,NO,null,YES,null,null
samples,information_schema,volume_privileges,grantor,0,null,NO,string,STRING,0,0,null,null,null,null,null,null,null,NO,null,null,null,null,null,null,NO,null,NO,NO,null,YES,null,null
samples,information_schema,volume_privileges,grantee,1,null,NO,string,STRING,0,0,null,null,null,null,null,null,null,NO,null,null,null,null,null,null,NO,null,NO,NO,null,YES,null,null
samples,information_schema,volume_privileges,volume_catalog,2,null,NO,string,STRING,0,0,null,null,null,null,null,null,null,NO,null,null,null,null,null,null,NO,null,NO,NO,null,YES,null,null
samples,information_schema,volume_privileges,volume_schema,3,null,NO,string,STRING,0,0,null,null,null,null,null,null,null,NO,null,null,null,null,null,null,NO,null,NO,NO,null,YES,null,null
samples,information_schema,volume_privileges,volume_name,4,null,NO,string,STRING,0,0,null,null,null,null,null,null,null,NO,null,null,null,null,null,null,NO,null,NO,NO,null,YES,null,null
samples,information_schema,volume_privileges,privilege_type,5,null,NO,string,STRING,0,0,null,null,null,null,null,null,null,NO,null,null,null,null,null,null,NO,null,NO,NO,null,YES,null,null
samples,information_schema,volume_privileges,is_grantable,6,null,NO,string,STRING,0,0,null,null,null,null,null,null,null,NO,null,null,null,null,null,null,NO,null,NO,NO,null,YES,null,null
samples,information_schema,volume_privileges,inherited_from,7,null,NO,string,STRING,0,0,null,null,null,null,null,null,null,NO,null,null,null,null,null,null,NO,null,NO,NO,null,YES,null,null
samples,information_schema,volume_tags,catalog_name,0,null,NO,string,STRING,0,0,null,null,null,null,null,null,null,NO,null,null,null,null,null,null,NO,null,NO,NO,null,YES,null,null
samples,information_schema,volume_tags,schema_name,1,null,NO,string,STRING,0,0,null,null,null,null,null,null,null,NO,null,null,null,null,null,null,NO,null,NO,NO,null,YES,null,null
samples,information_schema,volume_tags,volume_name,2,null,NO,string,STRING,0,0,null,null,null,null,null,null,null,NO,null,null,null,null,null,null,NO,null,NO,NO,null,YES,null,null
samples,information_schema,volume_tags,tag_name,3,null,NO,string,STRING,0,0,null,null,null,null,null,null,null,NO,null,null,null,null,null,null,NO,null,NO,NO,null,YES,null,null
samples,information_schema,volume_tags,tag_value,4,null,NO,string,STRING,0,0,null,null,null,null,null,null,null,NO,null,null,null,null,null,null,NO,null,NO,NO,null,YES,null,null
samples,information_schema,volumes,volume_catalog,0,null,NO,string,STRING,0,0,null,null,null,null,null,null,null,NO,null,null,null,null,null,null,NO,null,NO,NO,null,YES,null,null
samples,information_schema,volumes,volume_schema,1,null,NO,string,STRING,0,0,null,null,null,null,null,null,null,NO,null,null,null,null,null,null,NO,null,NO,NO,null,YES,null,null
samples,information_schema,volumes,volume_name,2,null,NO,string,STRING,0,0,null,null,null,null,null,null,null,NO,null,null,null,null,null,null,NO,null,NO,NO,null,YES,null,null
samples,information_schema,volumes,volume_type,3,null,NO,string,STRING,0,0,null,null,null,null,null,null,null,NO,null,null,null,null,null,null,NO,null,NO,NO,null,YES,null,null
samples,information_schema,volumes,volume_owner,4,null,NO,string,STRING,0,0,null,null,null,null,null,null,null,NO,null,null,null,null,null,null,NO,null,NO,NO,null,YES,null,null
samples,information_schema,volumes,comment,5,null,YES,string,STRING,0,0,null,null,null,null,null,null,null,NO,null,null,null,null,null,null,NO,null,NO,NO,null,YES,null,null
samples,information_schema,volumes,storage_location,6,null,YES,string,STRING,0,0,null,null,null,null,null,null,null,NO,null,null,null,null,null,null,NO,null,NO,NO,null,YES,null,null
samples,information_schema,volumes,created,7,null,NO,timestamp,TIMESTAMP,null,null,null,null,null,3,null,null,null,NO,null,null,null,null,null,null,NO,null,NO,NO,null,YES,null,null
samples,information_schema,volumes,created_by,8,null,NO,string,STRING,0,0,null,null,null,null,null,null,null,NO,null,null,null,null,null,null,NO,null,NO,NO,null,YES,null,null
samples,information_schema,volumes,last_altered,9,null,NO,timestamp,TIMESTAMP,null,null,null,null,null,3,null,null,null,NO,null,null,null,null,null,null,NO,null,NO,NO,null,YES,null,null
samples,information_schema,volumes,last_altered_by,10,null,NO,string,STRING,0,0,null,null,null,null,null,null,null,NO,null,null,null,null,null,null,NO,null,NO,NO,null,YES,null,null
